name,type,size
song2,audio,764176
name,type,size
bw,image,94926
ciao,document,12
daffodil,image,24657
eclipse,image,64243
pippo,document,8299
song1,audio,1087849
song2,audio,764176
trump,image,10195
name,type,size
trump,image,10195
name,type,size
bw,image,94926
ciao,document,12
daffodil,image,24657
eclipse,image,64243
pippo,document,8299
song1,audio,1087849
song2,audio,764176
trump,image,10195
name,type,size
name,type,size
name,type,size
trump,image,10195
name,type,size
name,type,size
bw,image,94926
daffodil,image,24657
eclipse,image,64243
trump,image,10195
name,type,size
bw,image,94926
daffodil,image,24657
eclipse,image,64243
trump,image,10195
name,type,size
name,type,size
name,type,size
name,type,size
name,type,size
trump,image,10195
name,type,size
trump,image,10195
trump,image,10195
name,type,size
name,type,size
name,type,size
name,type,size
name,type,size
name,type,size
name,type,size
name,type,size
name,type,size
name,type,size
name,type,size
name,type,size
ciao,document,12
daffodil,image,24657
eclipse,image,64243
pippo,document,8299
song1,audio,1087849
song2,audio,764176
trump,image,10195
name,type,size
name,type,size
name,type,size
download,image,12524
name,type,size
PINOCCHIO,document,62749
download,image,12524
name,type,size
bw,image,94926
ciao,document,12
name,type,size
daffodil,image,24657
eclipse,image,64243
PINOCCHIO,document,62749
pippo,document,8299
song1,audio,1087849
song2,audio,764176
trump,image,10195
song1,audio,1087849
name,type,size
bw,image,94926
ciao,document,12
daffodil,image,24657
download,image,12524
eclipse,image,64243
PINOCCHIO,document,62749
pippo,document,8299
song2,audio,764176
trump,image,10195
song2,audio,764176
name,type,size
bw,image,94926
ciao,document,12
daffodil,image,24657
download,image,12524
eclipse,image,64243
PINOCCHIO,document,62749
pippo,document,8299
song1,audio,1087849
trump,image,10195
name,type,size
name,type,size
name,type,size
ciao,document,12
download,image,12524
name,type,size
bw,image,94926
daffodil,image,24657
eclipse,image,64243
PINOCCHIO,document,62749
pippo,document,8299
song1,audio,1087849
song2,audio,764176
trump,image,10195
daffodil,image,24657
download,image,12524
name,type,size
bw,image,94926
ciao,document,12
eclipse,image,64243
PINOCCHIO,document,62749
pippo,document,8299
song1,audio,1087849
song2,audio,764176
trump,image,10195
name,type,size
bw,image,94926
ciao,document,12
daffodil,image,24657
download,image,12524
eclipse,image,64243
PINOCCHIO,document,62749
pippo,document,8299
song1,audio,1087849
song2,audio,764176
trump,image,10195
name,type,size
bw,image,94926
ciao,document,12
daffodil,image,24657
download,image,12524
eclipse,image,64243
PINOCCHIO,document,62749
pippo,document,8299
song1,audio,1087849
song2,audio,764176
trump,image,10195
bw,image,94926
ciao,document,12
name,type,size
daffodil,image,24657
download,image,12524
eclipse,image,64243
PINOCCHIO,document,62749
pippo,document,8299
song1,audio,1087849
song2,audio,764176
trump,image,10195
name,type,size
